{"cameraMode":{"drawMode":0,"name":"Shaded","section":"Shading Mode"},"sceneLighting":false,"audioPlay":false,"sceneViewState":{"m_AlwaysRefresh":true,"showFog":true,"showSkybox":false,"showFlares":true,"showImageEffects":true,"showParticleSystems":true,"showVisualEffectGraphs":true,"m_FxEnabled":true},"in2DMode":false,"pivot":{"x":3.5762786865234377e-7,"y":0.9151862263679504,"z":-0.04994770884513855},"rotation":{"x":0.013567511923611164,"y":-0.9836946725845337,"z":0.1585579514503479,"w":0.08429000526666641},"size":1.3908580541610718,"orthographic":false}