{"cameraMode":{"drawMode":0,"name":"Shaded","section":"Shading Mode"},"sceneLighting":true,"audioPlay":false,"sceneViewState":{"m_AlwaysRefresh":false,"showFog":true,"showSkybox":false,"showFlares":true,"showImageEffects":true,"showParticleSystems":true,"showVisualEffectGraphs":true,"m_FxEnabled":true},"in2DMode":false,"pivot":{"x":-0.38902804255485537,"y":0.30712229013442995,"z":-2.08949613571167},"rotation":{"x":0.10610570013523102,"y":0.009441551752388478,"z":-0.0010087384143844247,"w":0.9943172931671143},"size":1.6711305379867554,"orthographic":false}