{"cameraMode":{"drawMode":0,"name":"Shaded","section":"Shading Mode"},"sceneLighting":true,"audioPlay":false,"sceneViewState":{"m_AlwaysRefresh":true,"showFog":true,"showSkybox":true,"showFlares":true,"showImageEffects":true,"showParticleSystems":true,"showVisualEffectGraphs":true,"m_FxEnabled":true},"in2DMode":false,"pivot":{"x":-0.00011737644672393799,"y":1.1795085668563843,"z":-0.10008841753005982},"rotation":{"x":0.018409905955195428,"y":0.9515917897224426,"z":-0.3014768660068512,"w":0.05804659053683281},"size":0.8221942782402039,"orthographic":false}