{"cameraMode":{"drawMode":0,"name":"Shaded","section":"Shading Mode"},"sceneLighting":true,"audioPlay":false,"sceneViewState":{"m_AlwaysRefresh":true,"showFog":true,"showSkybox":true,"showFlares":true,"showImageEffects":true,"showParticleSystems":true,"showVisualEffectGraphs":true,"m_FxEnabled":true},"in2DMode":false,"pivot":{"x":-0.036028504371643069,"y":1.5263785123825074,"z":0.024094179272651674},"rotation":{"x":0.024368856102228166,"y":0.9724953770637512,"z":-0.19947223365306855,"w":0.11866821348667145},"size":0.2682104706764221,"orthographic":false}