{"cameraMode":{"drawMode":0,"name":"Shaded","section":"Shading Mode"},"sceneLighting":true,"audioPlay":false,"sceneViewState":{"m_AlwaysRefresh":true,"showFog":true,"showSkybox":true,"showFlares":true,"showImageEffects":true,"showParticleSystems":true,"showVisualEffectGraphs":true,"m_FxEnabled":true},"in2DMode":false,"pivot":{"x":-0.02863810956478119,"y":0.9305570125579834,"z":-0.06101226806640625},"rotation":{"x":0.0050787474028766159,"y":0.9928892254829407,"z":-0.11197443306446076,"w":0.043126463890075687},"size":0.9837819933891296,"orthographic":false}