{"cameraMode":{"drawMode":0,"name":"Shaded","section":"Shading Mode"},"sceneLighting":true,"audioPlay":false,"sceneViewState":{"m_AlwaysRefresh":true,"showFog":true,"showSkybox":true,"showFlares":true,"showImageEffects":true,"showParticleSystems":true,"showVisualEffectGraphs":true,"m_FxEnabled":true},"in2DMode":false,"pivot":{"x":0.00280115008354187,"y":1.0992381572723389,"z":6.873420715332031},"rotation":{"x":-0.08744704723358154,"y":0.07586223632097244,"z":-0.006696899887174368,"w":-0.9933148622512817},"size":0.7325685620307922,"orthographic":false}