{"cameraMode":{"drawMode":0,"name":"Shaded","section":"Shading Mode"},"sceneLighting":true,"audioPlay":false,"sceneViewState":{"m_AlwaysRefresh":true,"showFog":true,"showSkybox":true,"showFlares":true,"showImageEffects":true,"showParticleSystems":true,"showVisualEffectGraphs":true,"m_FxEnabled":true},"in2DMode":false,"pivot":{"x":-0.19186601042747498,"y":1.012608289718628,"z":0.24624794721603394},"rotation":{"x":-0.032934047281742099,"y":-0.9620710015296936,"z":0.13338971138000489,"w":-0.23625889420509339},"size":0.3339746594429016,"orthographic":false}