{"cameraMode":{"drawMode":0,"name":"Shaded","section":"Shading Mode"},"sceneLighting":true,"audioPlay":false,"sceneViewState":{"m_AlwaysRefresh":true,"showFog":true,"showSkybox":true,"showFlares":true,"showImageEffects":true,"showParticleSystems":true,"showVisualEffectGraphs":true,"m_FxEnabled":true},"in2DMode":false,"pivot":{"x":-0.036028504371643069,"y":1.5263785123825074,"z":0.024094179272651674},"rotation":{"x":0.0021073969546705486,"y":0.9960550665855408,"z":-0.08668583631515503,"w":0.023837046697735788},"size":1.4964646100997925,"orthographic":false}