{"cameraMode":{"drawMode":0,"name":"Shaded","section":"Shading Mode"},"sceneLighting":false,"audioPlay":false,"sceneViewState":{"m_AlwaysRefresh":false,"showFog":false,"showSkybox":false,"showFlares":false,"showImageEffects":false,"showParticleSystems":false,"showVisualEffectGraphs":true,"m_FxEnabled":true},"in2DMode":false,"pivot":{"x":0.0018721818923950196,"y":0.9113988876342773,"z":-0.013576924800872803},"rotation":{"x":-0.017912831157445909,"y":0.9820825457572937,"z":-0.13070255517959596,"w":-0.13459202647209168},"size":1.49307119846344,"orthographic":false}